data_i_godzina,seart_pl,rustykalneuchwyty_pl,seart_cz
07.10.2026 23:52:46,0,0,0
08.10.2026 01:18:34,0,1,0
08.10.2026 03:18:48,0,0,0
08.10.2026 05:18:31,0,0,0
08.10.2026 07:18:24,0,0,0
08.10.2026 09:23:23,0,0,0
08.10.2026 09:39:41,0,0,0
08.10.2026 09:47:45,0,0,0
08.10.2026 09:49:37,0,0,0
08.10.2026 10:18:46,0,0,0
08.10.2026 10:49:58,0,0,0
08.10.2026 11:18:49,0,0,0
08.10.2026 11:49:48,0,0,0
08.10.2026 12:18:47,0,0,0
08.10.2026 12:49:49,0,0,0
08.10.2026 13:18:36,0,0,0
08.10.2026 13:49:29,0,0,0
08.10.2026 14:18:49,0,0,0
08.10.2026 14:49:56,0,0,0
08.10.2026 15:18:50,0,0,0
08.10.2026 15:49:56,4,0,0
08.10.2026 16:18:36,0,0,0
08.10.2026 16:49:32,0,0,0
08.10.2026 17:19:05,0,0,0
08.10.2026 17:49:39,0,0,0
08.10.2026 18:21:26,0,0,0
08.10.2026 18:49:40,0,0,0
08.10.2026 19:18:39,0,0,0
08.10.2026 19:49:36,0,0,0
08.10.2026 20:18:39,0,0,0
08.10.2026 20:49:51,0,0,0
08.10.2026 21:18:42,0,0,0
08.10.2026 21:49:30,0,0,0
08.10.2026 22:18:29,0,0,0
08.10.2026 22:49:38,0,0,0
08.10.2026 23:18:43,0,0,0
08.10.2026 23:49:43,0,0,1
09.10.2026 00:20:37,0,0,0
09.10.2026 00:49:34,0,0,0
09.10.2026 01:19:18,5,5,5
09.10.2026 01:50:15,5,5,5
09.10.2026 02:19:15,5,5,5
09.10.2026 02:50:22,5,5,5
